{"is_source_file": true, "format": "Python", "description": "A FastAPI application setup with CORS middleware and a health check endpoint.", "external_files": ["fastapi", "fastapi.middleware.cors"], "external_methods": ["FastAPI", "CORSMiddleware"], "published": ["app"], "classes": [], "methods": [{"name": "health_check()", "description": "A simple GET endpoint that returns a health status message.", "scope": "", "scopeKind": ""}], "calls": ["FastAPI()", "app.add_middleware(CORSMiddleware, allow_origins=[\"*\"], allow_credentials=True, allow_methods=[\"*\"], allow_headers=[\"*\"])"], "search-terms": ["FastAPI setup", "CORS middleware", "health check endpoint", "main.py", "app initialization"], "state": 2, "file_id": 2, "knowledge_revision": 7, "git_revision": "6b171d1e7dc6d858adfc59d02cfb844bcedc3971", "ctags": [{"_type": "tag", "name": "app", "path": "/home/kavia/workspace/code-generation/teamconnect-chat-201488-201497/app_backend/src/api/main.py", "pattern": "/^app = FastAPI()$/", "language": "Python", "kind": "variable"}, {"_type": "tag", "name": "health_check", "path": "/home/kavia/workspace/code-generation/teamconnect-chat-201488-201497/app_backend/src/api/main.py", "pattern": "/^def health_check():$/", "language": "Python", "kind": "function", "signature": "()"}], "hash": "58352bf5f133908bab16643199aa483d", "format-version": 4, "code-base-name": "app_backend", "filename": "app_backend/src/api/main.py", "fields": [{"name": "app = FastAPI()", "scope": "", "scopeKind": "", "description": "unavailable"}], "revision_history": [{"7": "6b171d1e7dc6d858adfc59d02cfb844bcedc3971"}]}